{"stats":{"minecraft:killed_by":{"minecraft:vindicator":1,"minecraft:illusioner":1},"minecraft:custom":{"minecraft:jump":232,"minecraft:time_since_rest":570,"enigmaticlegacy:play_time_with_seven_curses":0,"minecraft:deaths":3,"minecraft:damage_dealt":34,"minecraft:sprint_one_cm":33737,"minecraft:leave_game":1,"minecraft:play_time":10094,"minecraft:damage_taken":1010,"minecraft:time_since_death":545,"minecraft:walk_one_cm":14911,"enigmaticlegacy:play_time_without_seven_curses":10018,"minecraft:total_world_time":10094,"minecraft:fall_one_cm":9444,"minecraft:fly_one_cm":63525}},"DataVersion":3120}