{"stats":{"minecraft:mined":{"minecraft:grass_block":1,"iter_rpg:frosty_grass":1,"minecraft:spruce_leaves":2,"minecraft:spruce_log":3},"minecraft:killed_by":{"minecraft:vindicator":4},"minecraft:dropped":{"minecraft:feather":1,"iter_rpg:frosty_grass":1},"minecraft:custom":{"minecraft:time_since_rest":64,"enigmaticlegacy:play_time_with_seven_curses":0,"minecraft:walk_one_cm":14863,"minecraft:damage_taken":1410,"minecraft:play_time":8132,"minecraft:sprint_one_cm":44527,"minecraft:deaths":5,"minecraft:drop":2,"minecraft:jump":115,"minecraft:damage_dealt":30,"minecraft:time_since_death":0,"minecraft:total_world_time":8132,"enigmaticlegacy:play_time_without_seven_curses":6558,"minecraft:fall_one_cm":3122,"minecraft:fly_one_cm":24783},"minecraft:picked_up":{"minecraft:feather":2,"iter_rpg:frosty_grass":1,"minecraft:spruce_log":3,"minecraft:dirt":1}},"DataVersion":3120}